"","ID","AIClogistic","BIClogistic","AICgompertz","BICgompertz","AICbaranyi","BICbaranyi","AICbuchanan","BICbuchanan"
"1","Chryseobacterium.balustinum_5_TSB","-147.17982051067","-141.85100246997","-119.684652191056","-113.02362964018","NA","NA","-45.7114451785798","-39.0504226277037"
"2","Enterobacter.sp._5_TSB","-117.709040362876","-112.380222322175","-175.922455649425","-169.261433098549","NA","NA","NA","NA"
"3","Pantoea.agglomerans.1_5_TSB","-38.2297394019471","-32.9009213612462","-122.618035404483","-115.957012853607","-121.158815513179","-114.497792962303","NA","NA"
"4","Pantoea.agglomerans.2_5_TSB","-11.5803018691741","-5.97551234252544","-41.2598222231146","-34.2538353148038","-44.0597843036275","-37.0537973953167","-44.6065333624784","-37.6005464541676"
"5","Bacillus.pumilus_5_TSB","20.6528412209597","25.6852273730457","11.4828398138461","17.7733225039535","11.5689883260435","17.859471016151","NA","NA"
"6","Clavibacter.michiganensis_5_TSB","-130.033193507104","-124.704375466403","-133.686536095357","-127.025513544481","-137.266737929077","-130.605715378201","NA","NA"
"7","Pseudomonas.fluorescens.1_5_TSB","-54.8127709733266","-49.4839529326258","NA","NA","-90.1786096077248","-83.5175870568487","NA","NA"
"8","Pseudomonas.fluorescens.2_5_TSB","-75.0684669545705","-69.7396489138697","-88.7283280502586","-82.0673054993826","NA","NA","NA","NA"
"9","Acinetobacter.clacoaceticus.1_5_TSB","-113.660742608742","-108.331924568042","-112.738607352987","-106.077584802111","-115.349710429713","-108.688687878837","-86.2396765886474","-79.5786540377714"
"10","Acinetobacter.clacoaceticus.2_5_TSB","-122.40388210746","-117.07506406676","-116.47773956666","-109.816717015784","-123.341098477832","-116.680075926956","NA","NA"
"11","Stenotrophomonas.maltophilia.1_5_TSB","-68.998238350824","-63.6694203101232","-117.030182864699","-110.369160313823","-125.617394012171","-118.956371461295","NA","NA"
"12","Stenotrophomonas.maltophilia.2_5_TSB","-94.3000696209947","-88.9712515802939","-113.111235868171","-106.450213317295","-125.80083498403","-119.139812433154","NA","NA"
"13","Klebsiella.pneumonia_5_TSB","-82.7119806784086","-77.3831626377077","-141.66981554367","-135.008792992794","-143.260690294074","-136.599667743198","NA","NA"
"14","Dickeya.zeae_5_TSB","-17.2969492877752","-11.9681312470744","-19.114303032508","-12.453280481632","-18.2629472281303","-11.6019246772543","NA","NA"
"15","Pectobacterium.carotovorum.subsp..Carotovorum.Pcc2_5_TSB","1.20992759153005","6.53874563223087","-57.7955326867213","-51.1345101358453","-53.6288628839875","-46.9678403331115","-59.0363456760924","-52.3753231252163"
"16","Pantoea.agglomerans..RDA.R._5_TSB","-18.8286169681796","-13.4997989274788","-122.17089702114","-115.509874470264","-111.675763106784","-105.014740555908","-77.0693373388559","-70.4083147879799"
"17","Dickeya.zeae..RDA.R._5_TSB","8.55411046376251","13.7374579277798","2.15015282879431","8.62933715881596","-0.141740916624883","6.33744341339676","3.65067124330458","10.1298555733262"
"18","Acinetobacter.clacoaceticus..RDA.R._5_TSB","-108.191718777656","-102.862900736955","-106.951778427231","-100.290755876355","-107.304643949214","-100.643621398338","NA","NA"
"19","Stenotrophomonas.maltophilia..RDA.R._5_TSB","-63.6648425381877","-58.3360244974869","-80.5505399350536","-73.8895173841776","-79.228870668411","-72.567848117535","NA","NA"
"20","Klebsiella.pneumonia..RDA.R._5_TSB","-9.72364644306238","-4.39482840236157","-18.3443531728418","-11.6833306219658","-13.5030444828765","-6.84202193200046","NA","NA"
"21","Bacillus.pumilus..RDA.R._5_TSB","23.8322817636292","25.0426221356054","NA","NA","NA","NA","NA","NA"
"22","Clavibacter.michiganensis..RDA.R._5_TSB","-127.760707869601","-122.4318898289","-121.171464609869","-114.510442058993","-130.932419429224","-124.271396878348","NA","NA"
"23","Chryseobacterium.balustinum_15_TSB","-66.6793034224476","-62.5012136715539","-84.5590946219298","-79.3364824333126","-87.3654637773333","-82.1428515887162","NA","NA"
"24","Enterobacter.sp._15_TSB","-74.3490895474984","-69.0202715067976","-97.4587548320826","-90.7977322812066","-99.1365241976207","-92.4755016467447","NA","NA"
"25","Pantoea.agglomerans.1_15_TSB","-12.1078397395804","-7.5658628758638","-14.3953871396703","-8.71791606002457","NA","NA","NA","NA"
"26","Pantoea.agglomerans.2_15_TSB","0.168223568720205","5.20060972080613","-1.96168564327186","4.32879704683555","-1.9626154045164","4.32786728559102","NA","NA"
"27","Bacillus.pumilus_15_TSB","-27.458608489411","-23.0944386759777","NA","NA","-27.5117276778423","-22.0565154110507","NA","NA"
"28","Clavibacter.michiganensis_15_TSB","-25.7077730956249","-21.1657962319083","-28.9564778132265","-23.2790067335808","-30.0113093321668","-24.3338382525211","NA","NA"
"29","Pseudomonas.fluorescens.1_15_TSB","-25.6787184389201","-21.1367415752035","-31.2768973605117","-25.599426280866","-33.26778978798","-27.5903187083342","NA","NA"
"30","Pseudomonas.fluorescens.2_15_TSB","-79.4247488661281","-74.8827720024115","-72.4103783229071","-66.7329072432614","-90.3164563537187","-84.638985274073","NA","NA"
"31","Acinetobacter.clacoaceticus.1_15_TSB","-54.1643091797096","-49.9862194288159","-58.0772286086928","-52.8546164200757","-58.0805624536992","-52.857950265082","NA","NA"
"32","Acinetobacter.clacoaceticus.2_15_TSB","-25.6727119281093","-20.7972086286365","-19.5886768491631","-13.4942977248221","NA","NA","NA","NA"
"33","Stenotrophomonas.maltophilia.1_15_TSB","-31.2872628886959","-26.9230930752627","-26.9455343353345","-21.4903220685429","NA","NA","NA","NA"
"34","Stenotrophomonas.maltophilia.2_15_TSB","-13.645843381308","-9.10386651759144","-8.44788937036572","-2.77041829071997","-12.3848633708112","-6.70739229116546","NA","NA"
"35","Klebsiella.pneumonia_15_TSB","-91.5484664823325","-85.812517664392","-123.298325105832","-116.128389083406","-124.006693779736","-116.83675775731","NA","NA"
"36","Dickeya.zeae_15_TSB","-22.0058260608357","-17.1303227613629","-26.8871359893599","-20.7927568650189","-27.1199454762698","-21.0255663519288","NA","NA"
"37","Pectobacterium.carotovorum.subsp..Carotovorum.Pcc2_15_TSB","0.969706586376626","5.51168345009322","-62.8241778143279","-57.1467067346822","-62.8094248685936","-57.1319537889478","NA","NA"
"38","Pantoea.agglomerans..RDA.R._15_TSB","3.68528157523392","8.22725843895052","-15.1985640853071","-9.52109300566131","-14.6289988295101","-8.95152774986438","NA","NA"
"39","Dickeya.zeae..RDA.R._15_TSB","-16.6825309784681","-12.3183611650348","-19.9621108989557","-14.5068986321641","-20.1530504948127","-14.6978382280211","NA","NA"
"40","Acinetobacter.clacoaceticus..RDA.R._15_TSB","-29.287944698902","-25.1098549480083","-31.5318490511658","-26.3092368625487","-31.730018759126","-26.5074065705089","NA","NA"
"41","Stenotrophomonas.maltophilia..RDA.R._15_TSB","-47.0889487429473","-42.724778929514","-62.3115227159427","-56.8563104491511","-69.7905458283291","-64.3353335615375","NA","NA"
"42","Klebsiella.pneumonia..RDA.R._15_TSB","-46.9978049394427","-41.2618561215021","-47.0169002882955","-39.8469642658698","-47.1644309446029","-39.9944949221772","NA","NA"
"43","Bacillus.pumilus..RDA.R._15_TSB","-35.6216890159186","-31.443599265025","-36.0407107756059","-30.8180985869888","-31.0675398908092","-25.8449277021921","-15.8005552749064","-10.5779430862892"
"44","Clavibacter.michiganensis..RDA.R._15_TSB","-10.2992686457947","-5.75729178207814","-11.5015168188228","-5.82404573917707","-11.8095310706284","-6.13205999098264","-11.0052861369471","-5.32781505730131"
"45","Chryseobacterium.balustinum_25_TSB","-32.1499309912579","-30.2103043921059","-14.8940073549807","-12.4694741060407","-8.53346706779736","-6.10893381885736","NA","NA"
"46","Enterobacter.sp._25_TSB","-28.3276422935464","-24.9947889173216","-58.5000479333326","-54.3339812130515","-95.7479693111729","-91.5819025908918","NA","NA"
"47","Pantoea.agglomerans.1_25_TSB","-19.6629131445114","-16.8307123401026","6.86741635129577","10.4076673568068","NA","NA","NA","NA"
"48","Pantoea.agglomerans.2_25_TSB","-8.86330883951799","-6.03110803510915","NA","NA","NA","NA","NA","NA"
"49","Bacillus.pumilus_25_TSB","-37.1853850383933","-34.6291557199323","-32.4897391229248","-29.2944524748485","-27.6712767065413","-24.475990058465","NA","NA"
"50","Clavibacter.michiganensis_25_TSB","-30.8904140593888","-28.0582132549799","-34.9600991492162","-31.4198481437051","-32.6475738733089","-29.1073228677979","NA","NA"
"51","Pseudomonas.fluorescens.1_25_TSB","-17.7625450536826","-15.5027476238365","-18.9397780993847","-16.115031312077","-18.6082635301901","-15.7835167428824","NA","NA"
"52","Pseudomonas.fluorescens.2_25_TSB","-37.3230390175851","-35.3834124184331","-37.9743079328568","-35.5497746839168","-42.0131530940573","-39.5886198451173","NA","NA"
"53","Acinetobacter.clacoaceticus.1_25_TSB","-8.80508403583512","-6.54528660598897","NA","NA","-7.50584691251205","-4.68110012520437","NA","NA"
"54","Acinetobacter.clacoaceticus.2_25_TSB","-1.77434321131327","0.781886107147759","NA","NA","NA","NA","NA","NA"
"55","Stenotrophomonas.maltophilia.1_25_TSB","-24.6778818770553","-22.1216525585943","-24.5265499510659","-21.3312633029896","-24.5685209517206","-21.3732343036443","-23.009383120266","-19.8140964721897"
"56","Stenotrophomonas.maltophilia.2_25_TSB","-43.8084531128373","-40.7180982238781","-60.9616865033281","-57.0987428921292","-56.9129840308607","-53.0500404196618","NA","NA"
"57","Klebsiella.pneumonia_25_TSB","-14.1107888746116","-11.0204339856525","-65.2777742360089","-61.41483062481","-54.5546544817156","-50.6917108705167","-57.3470646918863","-53.4841210806874"
"58","Dickeya.zeae_25_TSB","-1.35382812329452","1.73652676566461","-28.0397063079092","-24.1767626967103","-21.0542494552825","-17.1913058440836","NA","NA"
"59","Pectobacterium.carotovorum.subsp..Carotovorum.Pcc2_25_TSB","23.8683166753734","27.2011700515983","-56.2303184297946","-52.0642517095136","-56.3454769561298","-52.1794102358487","NA","NA"
"60","Pantoea.agglomerans..RDA.R._25_TSB","2.1436521234196","5.23400701237873","-26.4143227750222","-22.5513791638233","-25.3674499432465","-21.5045063320476","NA","NA"
"61","Dickeya.zeae..RDA.R._25_TSB","-15.3607063717652","-12.5285055673564","-49.4500834111012","-45.9098324055902","NA","NA","NA","NA"
"62","Acinetobacter.clacoaceticus..RDA.R._25_TSB","-24.5054547461819","-21.9492254277209","NA","NA","NA","NA","NA","NA"
"63","Stenotrophomonas.maltophilia..RDA.R._25_TSB","-25.9019219027848","-23.6421244729387","-32.0427907521494","-29.2180439648418","-35.9159784257739","-33.0912316384662","NA","NA"
"64","Klebsiella.pneumonia..RDA.R._25_TSB","-20.7898047747263","-17.6994498857672","-81.256311839655","-77.3933682284561","NA","NA","NA","NA"
"65","Bacillus.pumilus..RDA.R._25_TSB","-16.282273894795","-13.4500730903862","-10.1684159521321","-6.62816494662102","-5.75958207930729","-2.21933107379624","NA","NA"
"66","Clavibacter.michiganensis..RDA.R._25_TSB","-22.5788654395211","-19.4885105505619","-22.3457798216581","-18.4828362104592","-21.8290879208275","-17.9661443096286","NA","NA"
"67","Chryseobacterium.balustinum_35_TSB","-25.4388464655402","-22.8826171470791","NA","NA","NA","NA","NA","NA"
"68","Enterobacter.sp._35_TSB","-38.1193345186641","-35.028979629705","-68.2689927474095","-64.4060491362106","NA","NA","NA","NA"
"69","Pantoea.agglomerans.1_35_TSB","-2.88173780718189","0.208617081777236","-21.4288899764324","-17.5659463652335","-23.3278966199051","-19.4649530087062","NA","NA"
"70","Pantoea.agglomerans.2_35_TSB","3.38185760740607","5.9380869258671","-5.46891774694854","-2.27363109887225","2.25093569793616","5.44622234601246","NA","NA"
"71","Bacillus.pumilus_35_TSB","-24.8471121931146","-22.0149113887057","NA","NA","NA","NA","NA","NA"
"72","Clavibacter.michiganensis_35_TSB","-32.956888391645","-29.6240350154202","-53.5094803965546","-49.3434136762735","NA","NA","NA","NA"
"73","Pseudomonas.fluorescens.1_35_TSB","-80.7484059479512","-77.4155525717263","NA","NA","NA","NA","NA","NA"
"74","Pseudomonas.fluorescens.2_35_TSB","-26.8302316921479","-23.998030887739","NA","NA","-32.204352935811","-28.6641019303","NA","NA"
"75","Acinetobacter.clacoaceticus.1_35_TSB","-36.0607075152762","-32.9703526263171","-35.1178998652645","-31.2549562540656","NA","NA","NA","NA"
"76","Acinetobacter.clacoaceticus.2_35_TSB","2.20747610685157","5.29783099581069","NA","NA","NA","NA","NA","NA"
"77","Stenotrophomonas.maltophilia.1_35_TSB","-44.7783289073648","-41.946128102956","-47.8679685426684","-44.3277175371573","NA","NA","NA","NA"
"78","Stenotrophomonas.maltophilia.2_35_TSB","-34.3442090834312","-31.2538541944721","NA","NA","-40.0042971081907","-36.1413534969918","NA","NA"
"79","Klebsiella.pneumonia_35_TSB","-5.21746875227089","-1.65598172068623","-66.4338647428273","-61.9820059533465","NA","NA","NA","NA"
"80","Dickeya.zeae_35_TSB","10.8007083368275","14.3621953684121","-13.5075397732789","-9.05568098379811","NA","NA","NA","NA"
"81","Pectobacterium.carotovorum.subsp..Carotovorum.Pcc2_35_TSB","2.56458470011952","5.65493958907864","NA","NA","2.83822642020445","6.70117003140336","NA","NA"
"82","Pantoea.agglomerans..RDA.R._35_TSB","14.3376061096456","17.6704594858705","-8.84450124612539","-4.67843452584431","-0.595417674295531","3.57064904598555","NA","NA"
"83","Dickeya.zeae..RDA.R._35_TSB","13.2808775550725","16.6137309312973","4.4127479610513","8.57881468133238","NA","NA","NA","NA"
"84","Acinetobacter.clacoaceticus..RDA.R._35_TSB","-27.1266769406216","-24.2944761362128","-21.4335655816367","-17.8933145761257","NA","NA","NA","NA"
"85","Stenotrophomonas.maltophilia..RDA.R._35_TSB","-30.5106678967004","-27.6784670922916","NA","NA","NA","NA","NA","NA"
"86","Klebsiella.pneumonia..RDA.R._35_TSB","-47.634980789038","-44.3021274128132","-107.55113483526","-103.385068114979","NA","NA","NA","NA"
"87","Bacillus.pumilus..RDA.R._35_TSB","-23.4934163803894","-20.1605630041646","NA","NA","NA","NA","NA","NA"
"88","Clavibacter.michiganensis..RDA.R._35_TSB","-28.8846195298805","-25.5517661536556","-58.6897265814869","-54.5236598612058","NA","NA","NA","NA"
"89","Tetraselmis tetrahele_5_ESAW","25.9334730418126","33.7384479161383","12.2700012511056","22.0262198440128","NA","NA","NA","NA"
"90","Tetraselmis tetrahele_8_ESAW","-3.20589912490308","4.75003706135402","-25.6515013492583","-15.7065811164369","-18.8031936376682","-8.85827340484685","NA","NA"
"91","Tetraselmis tetrahele_16_ESAW","-47.3422865656536","-38.7697476600875","NA","NA","67.8576188050282","78.5732924369858","NA","NA"
"92","Tetraselmis tetrahele_25_ESAW","NA","NA","NA","NA","NA","NA","NA","NA"
"93","Tetraselmis tetrahele_32_ESAW","50.6971925705532","58.8693976418914","28.1858745214211","38.4011308605939","28.1654201168822","38.3806764560549","NA","NA"
"94","Staphylococcus spp._2_Raw Chicken Breast","-14.3290959061761","-13.5401975968312","-17.6113906357107","-16.6252677490296","-21.6092196787843","-20.6230967921032","-18.557282587241","-17.5711597005599"
"95","Staphylococcus spp._4_Raw Chicken Breast","-5.0772828537092","-4.75951668698985","-6.61441320999095","-6.21720550159177","-3.96915886627218","-3.57195115787301","-9.26339128878249","-8.86618358038331"
"96","Staphylococcus spp._7_Raw Chicken Breast","-11.1277713453718","-8.57154202691073","-15.4064404996068","-12.2111538515305","-11.0619079263083","-7.86662127823202","-10.0300826836168","-6.83479603554052"
"97","Staphylococcus spp._10_Raw Chicken Breast","-15.1849394846555","-13.593358393462","-17.7575067015827","-15.7680303375909","-19.2877034477728","-17.298227083781","-21.0916945747898","-19.1022182107979"
"98","Staphylococcus spp._15_Raw Chicken Breast","-4.18076974844499","-3.39187143910011","-5.7550268685221","-4.76890398184101","-2.38566087145788","-1.39953798477678","4.46616360962876","5.45228649630986"
"99","Staphylococcus spp._20_Raw Chicken Breast","-11.9149334401113","-11.1260351307664","-15.2966391397867","-14.3105162531056","-12.6746826515588","-11.6885597648777","-6.96655655728143","-5.98043367060033"
"100","Staphylococcus spp._2_Salted Chicken Breast","13.9142031477258","15.124543519702","-17.6169849318739","-16.1040594669037","-17.3976833311703","-15.8847578662001","-23.6145839353573","-22.1016584703871"
"101","Staphylococcus spp._4_Salted Chicken Breast","-4.96444054850588","-5.79740267159366","-4.1989630092224","-5.24016566308213","NA","NA","NA","NA"
"102","Staphylococcus spp._7_Salted Chicken Breast","-9.67292586330235","-7.4131284334562","-16.7869145136798","-13.9621677263722","-10.6603827063643","-7.83563591905657","-7.55259522173306","-4.72784843442538"
"103","Staphylococcus spp._10_Salted Chicken Breast","26.0924990353595","28.3522964652056","-12.0918020461856","-9.26705525887796","NA","NA","-24.667978860668","-21.8432320733603"
"104","Staphylococcus spp._15_Salted Chicken Breast","-22.4703713961937","-20.5307447970417","-16.7533927672987","-14.3288595183587","-24.9211297402403","-22.4965964913003","-20.028069022306","-17.603535773366"
"105","Staphylococcus spp._20_Salted Chicken Breast","-8.74031009827007","-7.95141178892519","-8.46854652249244","-7.48242363581134","-6.4630057228896","-5.4768828362085","-5.10204219531009","-4.115919308629"
"106","Staphylococcus spp._2_Cooked Chicken Breast","-24.0616867415417","-22.8513463695655","-19.4797775659045","-17.9668521009342","-21.9999224044214","-20.4869969394512","-17.0496340782219","-15.5367086132517"
"107","Staphylococcus spp._4_Cooked Chicken Breast","-13.1500187855431","-13.3663781893218","-9.3004240083272","-9.57087326305063","-14.7732593779648","-15.0437086326882","NA","NA"
"108","Staphylococcus spp._7_Cooked Chicken Breast","-25.6771734540363","-23.4173760241902","-28.0597363200391","-25.2349895327314","-25.0011044768504","-22.1763576895427","-10.7378721991209","-7.9131254118132"
"109","Staphylococcus spp._10_Cooked Chicken Breast","52.2633828530915","54.2030094522435","NA","NA","NA","NA","NA","NA"
"110","Staphylococcus spp._15_Cooked Chicken Breast","-7.54631074980842","-5.95472965861494","-17.9974502359579","-16.007973871966","NA","NA","-10.5414976427474","-8.55202127875551"
"111","Staphylococcus spp._20_Cooked Chicken Breast","-7.20435719650142","-6.41545888715654","-14.9026477956159","-13.9165249089348","-14.1515041763422","-13.1653812896611","-13.261062990804","-12.2749401041229"
"112","Pseudomonas spp._2_Raw Chicken Breast","-7.49892883731326","-5.90734774611978","-12.4246155108871","-10.4351391468953","-5.98816773837031","-3.99869137437845","NA","NA"
"113","Pseudomonas spp._4_Raw Chicken Breast","-3.87723555814291","-4.09359496192166","-5.51454866443571","-5.78499791915914","1.10688029413661","0.836431039413172","4.94517265034749","4.67472339562405"
"114","Pseudomonas spp._7_Raw Chicken Breast","-10.520308586269","-9.3099682142928","-9.74935962871355","-8.23643416374331","NA","NA","-7.25605520941257","-5.74312974444234"
"115","Pseudomonas spp._10_Raw Chicken Breast","-7.71962869189321","-5.45983126204706","-20.6156175072588","-17.7908707199512","-12.5779857542575","-9.75323896694979","-10.9122658318952","-8.08751904458755"
"116","Pseudomonas spp._15_Raw Chicken Breast","-6.52201176082193","-4.58238516166992","-9.03325251868427","-6.60871926974427","-9.29089647246527","-6.86636322352527","-8.22187077014067","-5.79733752120067"
"117","Pseudomonas spp._20_Raw Chicken Breast","-15.7733955571528","-14.9844972478079","-18.8434494478594","-17.8573265611783","-11.8689261741024","-10.8828032874213","NA","NA"
"118","Pseudomonas spp._2_Salted Chicken Breast","-23.8610201790406","-22.2694390878471","-27.9931084994746","-26.0036321354827","-21.9593353156785","-19.9698589516867","NA","NA"
"119","Pseudomonas spp._4_Salted Chicken Breast","-10.3641047169085","-10.5804641206872","-6.04080489700905","-6.31125415173249","-9.27809251610973","-9.54854177083316","-10.1001643472189","-10.3706136019423"
"120","Pseudomonas spp._7_Salted Chicken Breast","-27.6277634664992","-26.0361823753057","-20.890243469897","-18.9007671059051","-30.8625762056023","-28.8730998416104","NA","NA"
"121","Pseudomonas spp._10_Salted Chicken Breast","-17.8503044269547","-15.5905069971086","-23.7832760919066","-20.9585293045989","-19.7649889771237","-16.940242189816","-13.8593111495813","-11.0345643622736"
"122","Pseudomonas spp._15_Salted Chicken Breast","-12.8275681691716","-10.8879415700196","-27.8489331703294","-25.4243999213894","-23.6311678761466","-21.2066346272066","NA","NA"
"123","Pseudomonas spp._20_Salted Chicken Breast","-12.0662678541396","-11.7485016874203","-19.4066202516957","-19.0094125432965","-28.1729624270499","-27.7757547186507","NA","NA"
"124","Pseudomonas spp._2_Cooked Chicken Breast","-8.99369408983297","-7.78335371785679","-7.05130412894409","-5.53837866397386","-8.99265685939707","-7.47973139442684","-6.80142857098321","-5.28850310601298"
"125","Pseudomonas spp._4_Cooked Chicken Breast","-2.36899317707025","-3.20195530015803","2.01906999755775","0.97786734369802","-4.56056767066329","-5.60177032452301","NA","NA"
"126","Pseudomonas spp._7_Cooked Chicken Breast","-18.2202216402186","-15.9604242103724","-34.1862743545963","-31.3615275672886","-18.3948368535231","-15.5700900662154","-13.6776075173745","-10.8528607300668"
"127","Pseudomonas spp._10_Cooked Chicken Breast","0.63649543746109","2.22807652865457","-3.25591046930668","-1.26643410531483","NA","NA","NA","NA"
"128","Pseudomonas spp._15_Cooked Chicken Breast","-2.37827988806863","-0.43865328891663","-12.955698148864","-10.531164899924","NA","NA","3.07775807116022","5.50229132010022"
"129","Pseudomonas spp._20_Cooked Chicken Breast","-2.25437028367482","-1.46547197432994","-4.8619509711717","-3.8758280844906","-0.619800977747193","0.366321908933905","4.03366577706417","5.01978866374527"
"130","Aerobic Psychotropic._2_Raw Chicken Breast","-22.5637368421239","-21.3533964701477","-28.5889393939444","-27.0760139289742","-24.516345645282","-23.0034201803118","NA","NA"
"131","Aerobic Psychotropic._4_Raw Chicken Breast","-5.68711378407077","-6.52007590715855","-6.31424803837881","-7.35545069223853","-6.01492134215414","-7.05612399601386","NA","NA"
"132","Aerobic Psychotropic._7_Raw Chicken Breast","-3.51182532567273","-1.25202789582658","NA","NA","NA","NA","NA","NA"
"133","Aerobic Psychotropic._10_Raw Chicken Breast","-8.76786716124882","-6.82824056209681","-13.5828089010054","-11.1582756520654","-8.60198097028801","-6.17744772134801","-8.57324796378018","-6.14871471484017"
"134","Aerobic Psychotropic._15_Raw Chicken Breast","NA","NA","NA","NA","NA","NA","NA","NA"
"135","Aerobic Psychotropic._20_Raw Chicken Breast","-8.39134722455971","-8.07358105784036","-5.60718943141654","-5.20998172301736","-7.89111739992121","-7.49390969152203","-9.73755473369329","-9.34034702529411"
"136","Aerobic Psychotropic._2_Salted Chicken Breast","-16.5674940939214","-15.3571537219452","-28.7305982281748","-27.2176727632046","-16.8317968107545","-15.3188713457843","-5.31896696352865","-3.80604149855842"
"137","Aerobic Psychotropic._4_Salted Chicken Breast","-13.6169611769997","-14.4499233000875","-10.1154772384354","-11.1566798922951","-18.2873987015354","-19.3286013553951","NA","NA"
"138","Aerobic Psychotropic._7_Salted Chicken Breast","-20.5488144757103","-17.9925851572493","NA","NA","NA","NA","-20.9828676586999","-17.7875810106236"
"139","Aerobic Psychotropic._10_Salted Chicken Breast","-14.041361405573","-12.101734806421","-12.536468701718","-10.111935452778","-15.9995485074745","-13.5750152585345","-16.303319687414","-13.878786438474"
"140","Aerobic Psychotropic._15_Salted Chicken Breast","-12.0716368665268","-11.2827385571819","-15.9510754466276","-14.9649525599465","-12.1184048633812","-11.1322819767001","-4.36712578927106","-3.38100290258997"
"141","Aerobic Psychotropic._20_Salted Chicken Breast","-4.20823564099935","-5.04119776408713","-3.60627326850674","-4.64747592236647","NA","NA","NA","NA"
"142","Aerobic Psychotropic._2_Cooked Chicken Breast","-6.06971022280644","-5.28081191346156","-12.9351848928887","-11.9490620062076","-3.68966557456803","-2.70354268788693","3.60958801241779","4.59571089909889"
"143","Aerobic Psychotropic._4_Cooked Chicken Breast","-9.09058939492994","-9.30694879870869","-8.45999409233378","-8.73044334705721","-6.39220622612746","-6.6626554808509","-3.21337971837565","-3.48382897309909"
"144","Aerobic Psychotropic._7_Cooked Chicken Breast","-11.6511472416843","-9.39134981183819","-7.84699998453852","-5.02225319723083","-13.5576900250772","-10.7329432377695","-16.0212632232596","-13.1965164359519"
"145","Aerobic Psychotropic._10_Cooked Chicken Breast","-10.0083645349353","-8.06873793578334","-17.3502478873387","-14.9257146383987","-8.89769759995104","-6.47316435101104","NA","NA"
"146","Aerobic Psychotropic._15_Cooked Chicken Breast","-5.88668534081584","-5.09778703147096","-4.74410463347292","-3.75798174679182","-9.53714830203623","-8.55102541535513","NA","NA"
"147","Aerobic Psychotropic._20_Cooked Chicken Breast","-12.4412474528494","-11.6523491435045","-10.5289285986198","-9.54280571193872","-12.2265926446215","-11.2404697579404","-17.6238279660193","-16.6377050793382"
"148","Aerobic Mesophilic._2_Raw Chicken Breast","-27.6156621279761","-26.4053217559999","-18.897666605628","-17.3847411406578","-22.1957330932607","-20.6828076282905","-13.1855047904218","-11.6725793254515"
"149","Aerobic Mesophilic._7_Raw Chicken Breast","-10.3690808314613","-7.8128515130003","-9.64547637458699","-6.4501897265107","-7.04352959941926","-3.84824295134297","-1.87158044613519","1.3237062019411"
"150","Aerobic Mesophilic._4_Raw Chicken Breast","-13.1389724794973","-13.3553318832761","-10.1729834633587","-10.4434327180821","-15.2151202451976","-15.4855694999211","-10.0553679065444","-10.3258171612679"
"151","Aerobic Mesophilic._10_Raw Chicken Breast","-6.8809187540205","-5.67057838204432","-11.0710091824633","-9.55808371749306","-8.06653478097022","-6.55360931599999","NA","NA"
"152","Aerobic Mesophilic._15_Raw Chicken Breast","-9.70315791213221","-8.91425960278733","-6.47966524108564","-5.49354235440454","-8.88553900639866","-7.89941611971756","-8.1376205865955","-7.1514976999144"
"153","Aerobic Mesophilic._20_Raw Chicken Breast","-9.02696402510583","-8.70919785838649","-6.10999398269741","-5.71278627429823","-10.0381586158494","-9.64095090745026","-13.3417154976522","-12.944507789253"
"154","Aerobic Mesophilic._2_Salted Chicken Breast","-19.2552124728401","-18.044872100864","-10.5621600183178","-9.0492345533476","-19.2895103736163","-17.7765849086461","-14.3453499861445","-12.8324245211743"
"155","Aerobic Mesophilic._4_Salted Chicken Breast","-12.2009080568768","-12.4172674606556","-8.06572736655852","-8.33617662128195","-23.7653654070356","-24.035814661759","NA","NA"
"156","Aerobic Mesophilic._7_Salted Chicken Breast","NA","NA","-27.4684921727602","-24.6437453854526","NA","NA","NA","NA"
"157","Aerobic Mesophilic._10_Salted Chicken Breast","-13.0828710402325","-11.1432444410805","-17.3200389697697","-14.8955057208297","-14.9287371759272","-12.5042039269872","-11.1919799169014","-8.76744666796141"
"158","Aerobic Mesophilic._15_Salted Chicken Breast","-6.50869761270462","-6.19093144598527","-10.4063951257049","-10.0091874173057","-5.28506830944022","-4.88786060104104","NA","NA"
"159","Aerobic Mesophilic._20_Salted Chicken Breast","-7.4313965073569","-7.11363034063756","-9.71707818000066","-9.31987047160148","-6.61486149602111","-6.21765378762193","-4.70544880798909","-4.30824109958991"
"160","Aerobic Mesophilic._2_Cooked Chicken Breast","NA","NA","-5.53016324331436","-4.54404035663326","-7.20656045994595","-6.22043757326486","NA","NA"
"161","Aerobic Mesophilic._4_Cooked Chicken Breast","5.98207295531325","5.14911083222547","8.89279462887736","7.85159197501763","5.17601373941474","4.13481108555501","3.05486413549106","2.01366148163133"
"162","Aerobic Mesophilic._7_Cooked Chicken Breast","-4.00987528671352","-2.41829419552004","-4.56903061753819","-2.57955425354633","-3.57328763024563","-1.58381126625378","-3.11119920157145","-1.1217228375796"
"163","Aerobic Mesophilic._10_Cooked Chicken Breast","0.594007457531476","2.18558854872496","-1.75292878965077","0.236547574341085","-0.750987509805402","1.23848885418645","-2.58236413272433","-0.592887768732478"
"164","Aerobic Mesophilic._15_Cooked Chicken Breast","-10.7370578647081","-9.94815955536322","-13.8381350024433","-12.8520121157622","-8.87173679451117","-7.88561390783007","-1.42205560432962","-0.435932717648518"
"165","Aerobic Mesophilic._20_Cooked Chicken Breast","-20.5492068541043","-19.3388664821282","-15.3681268359909","-13.8552013710207","-24.8471856765597","-23.3342602115895","NA","NA"
"166","Spoilage_8_Vacuum Beef Striploins","5.10829218718665","4.8919327834079","-6.18574541764872","-6.45619467237215","-2.94987518700062","-3.22032444172406","6.17490168208128","5.90445242735784"
"167","Escherichia coli_8_Vacuum Beef Striploins","-11.069027411389","-11.9019895344768","-11.6225488100665","-12.6637514639262","-10.6051928203609","-11.6463954742206","-11.289614503682","-12.3308171575417"
"168","Salmonella Typhimurium_8_Vacuum Beef Striploins","0.173407852984286","-0.0429515507944611","NA","NA","-10.8065847525159","-11.0770340072393","NA","NA"
"169","Spoilage_10_Vacuum Beef Striploins","-17.0509847000024","-17.8839468230902","-15.7685040017622","-16.8097066556219","-13.0308995356334","-14.0721021894931","-1.52645792394829","-2.56766057780801"
"170","Escherichia coli_10_Vacuum Beef Striploins","-0.527493561446937","-1.36045568453472","-11.2296578909693","-12.2708605448291","-9.61814281145654","-10.6593454653163","-6.43698614838177","-7.47818880224149"
"171","Salmonella Typhimurium_10_Vacuum Beef Striploins","-9.28715754701184","-10.1201196700996","-25.8292104325188","-26.8704130863785","-33.6576933009816","-34.6988959548413","-18.7488734050569","-19.7900760589167"
"172","Spoilage_10_C02 Beef Striploins","4.22946682634337","5.01836513568824","-11.3618919981024","-10.3757691114213","-5.56689461939528","-4.58077173271418","-5.87284622106807","-4.88672333438697"
"173","Escherichia coli_10_C02 Beef Striploins","-11.5925795802257","-10.8036812708808","-20.0924054017872","-19.1062825151061","-19.986953489159","-19.0008306024779","NA","NA"
"174","Spoilage_12_Vacuum Beef Striploins","-7.28239911961301","-8.11536124270079","-11.822565000416","-12.8637676542757","-12.0308141442685","-13.0720167981282","-14.3499726826944","-15.3911753365541"
"175","Escherichia coli_12_Vacuum Beef Striploins","-9.85758194307303","-10.6905440661608","-7.82065382804572","-8.86185648190545","-7.77660983291929","-8.81781248677901","-7.8417556004746","-8.88295825433432"
"176","Salmonella Typhimurium_12_Vacuum Beef Striploins","-18.4222514347848","-19.2552135578725","-15.9981792404398","-17.0393818942996","-16.301814118317","-17.3430167721768","NA","NA"
"177","Spoilage_12_C02 Beef Striploins","2.18903263743358","1.97267323365483","-13.612156919188","-13.8826061739114","-10.4718287379199","-10.7422779926433","-19.8840248745618","-20.1544741292852"
"178","Escherichia coli_12_C02 Beef Striploins","-4.86231761276566","-5.0786770165444","-22.3881485833087","-22.6585978380321","-23.6589859444325","-23.9294351991559","NA","NA"
"179","Salmonella Typhimurium_12_C02 Beef Striploins","-9.032325180717","-9.24868458449575","-24.8951460869989","-25.1655953417223","-25.8341840576277","-26.1046333123511","-24.7779216653819","-25.0483709201053"
"180","Spoilage_15_Vacuum Beef Striploins","-9.24769349392002","-10.8099418441836","-18.406592275709","-20.3594027135385","-19.3197384310302","-21.2725488688597","-13.256335425867","-15.2091458636965"
"181","Escherichia coli_15_Vacuum Beef Striploins","-4.22496948805273","-5.78721783831633","-35.7755296209443","-37.7283400587738","-13.467391884898","-15.4202023227275","-2.21600717260959","-4.16881761043908"
"182","Salmonella Typhimurium_15_Vacuum Beef Striploins","3.65484848872085","2.09260013845725","-5.09862668565288","-7.05143712348238","-12.2828928841835","-14.235703322013","NA","NA"
"183","Spoilage_15_C02 Beef Striploins","-3.08408523494167","-3.30044463872041","-9.88199297517584","-10.1524422298993","-8.18938990708404","-8.45983916180747","-12.0763830895442","-12.3468323442676"
"184","Escherichia coli_15_C02 Beef Striploins","-12.4384219183263","-12.654781322105","NA","NA","-12.9611540387611","-13.2316032934845","NA","NA"
"185","Salmonella Typhimurium_15_C02 Beef Striploins","-4.75604767438588","-4.97240707816463","-10.758579911347","-11.0290291660704","-7.43814536245939","-7.70859461718282","-9.26125768919189","-9.53170694391532"
"186","Spoilage_20_Vacuum Beef Striploins","-3.28147627020902","-4.84372462047261","-1.86171253890341","-3.81452297673291","NA","NA","NA","NA"
"187","Escherichia coli_20_Vacuum Beef Striploins","-10.9525940219718","-12.5148423722354","-47.5843648813551","-49.5371753191846","-33.9302584103744","-35.8830688482039","NA","NA"
"188","Salmonella Typhimurium_20_Vacuum Beef Striploins","-7.81915097133954","-9.38139932160314","-8.58441714192473","-10.5372275797542","-10.4204302403517","-12.3732406781812","NA","NA"
"189","Spoilage_20_C02 Beef Striploins","-6.44118182378613","-7.27414394687391","-11.5592380662252","-12.6004407200849","-11.410372800695","-12.4515754545548","NA","NA"
"190","Escherichia coli_20_C02 Beef Striploins","-10.4310597313639","-11.2640218544517","-10.1688875005555","-11.2100901544152","-10.7740158192146","-11.8152184730743","NA","NA"
"191","Salmonella Typhimurium_20_C02 Beef Striploins","0.736886537385351","-0.0960755857024287","2.03687523288425","0.995672579024522","0.687191956353477","-0.354010697506249","-1.9774014116824","-3.01860406554213"
"192","Spoilage_30_Vacuum Beef Striploins","-14.2189246352939","-15.7811729855575","-15.1216908231152","-17.0745012609447","NA","NA","NA","NA"
"193","Escherichia coli_30_Vacuum Beef Striploins","2.94176573861367","2.10880361552589","-9.43305216244911","-10.4742548163088","-11.7706413905539","-12.8118440444137","-16.9121969826825","-17.9533996365423"
"194","Salmonella Typhimurium_30_Vacuum Beef Striploins","-5.24613225078916","-6.07909437387694","-16.3761964051917","-17.4173990590514","-26.3785142238608","-27.4197168777205","-14.6953004460876","-15.7365030999474"
"195","Spoilage_30_C02 Beef Striploins","-22.7514603104268","-22.9678197142056","-27.4519676899937","-27.7224169447171","-27.902841626314","-28.1732908810374","NA","NA"
"196","Escherichia coli_30_C02 Beef Striploins","-10.9325332802881","-11.1488926840668","-24.0701045784382","-24.3405538331616","-22.0610776961615","-22.331526950885","NA","NA"
"197","Salmonella Typhimurium_30_C02 Beef Striploins","-6.68525994321809","-6.90161934699683","-5.39048050580564","-5.66092976052907","-7.99330066307558","-8.26374991779901","NA","NA"
"198","Serratia marcescens_6_Pasteurised Skim Milk","-8.41528505747821","-9.248247180566","-10.0262571201668","-11.0674597740265","-10.9650968828727","-12.0062995367325","-8.51651192085334","-9.55771457471307"
"199","Serratia marcescens_6_UHT Skim Milk","25.3120881128423","25.0957287090636","-7.0349804987068","-7.30542975343024","-4.91043315417594","-5.18088240889937","-3.00132627167123","-3.27177552639466"
"200","Serratia marcescens_6_Pasteurised Full-fat Milk","-10.5111879322933","-10.727547336072","-10.5668401762109","-10.8372894309344","-8.62061108271041","-8.89106033743384","-6.36684750358607","-6.63729675830951"
"201","Serratia marcescens_6_UHT Full-fat Milk","-10.3134398650239","-10.5297992688027","-3.21859815394936","-3.48904740867279","-6.13217949287795","-6.40262874760139","-0.778092864551525","-1.04854211927496"
"202","Serratia marcescens_10_Pasteurised Full-fat Milk","-3.33309374579053","-4.89534209605413","-3.89242139475727","-5.84523183258677","-1.32370123727774","-3.27651167510724","2.48055919673427","0.527748758904776"
"203","Serratia marcescens_15_UHT Full-fat Milk","21.8147190267613","20.9817569036735","-8.20259210244906","-9.24379475630879","-1.16860942847068","-2.2098120823304","NA","NA"
"204","Serratia marcescens_6_Pasteurised Double Cream","-8.35519941823782","-9.91744776850141","-10.3463362334249","-12.2991466712544","NA","NA","NA","NA"
"205","Serratia marcescens_6_UHT Double Cream","-7.86065502589883","-7.54288885917948","-12.5408990835303","-12.1436913751312","-18.2134009538437","-17.8161932454445","-21.7549143770416","-21.3577066686424"
"206","Serratia marcescens_15_Pasteurised Double Cream","21.6732712876375","20.8403091645498","0.91029515819584","-0.130907495663886","-3.93884674555897","-4.98004939941869","NA","NA"
"207","Serratia marcescens_15_UHT Double Cream","-5.87862186914142","-6.7115839922292","-2.60630779006342","-3.64751044392315","-7.37894521681576","-8.42014787067549","NA","NA"
"208","Arthrobacter sp. 77_0_TGE agar","-39.9008264458891","-36.1230705292233","-39.7925623550027","-35.0703674591705","-35.4470362677626","-30.7248413719304","-27.4133282110271","-22.6911333151949"
"209","Arthrobacter sp. 77_7_TGE agar","-16.6683122037956","-14.4085147739494","-16.3971349148335","-13.5723881275258","-14.0633931297956","-11.2386463424879","NA","NA"
"210","Arthrobacter sp. 77_20_TGE agar","-5.45226362107257","-5.66862302485131","-16.0316750565973","-16.3021243113208","-13.7763454740918","-14.0467947288152","-10.7492741546844","-11.0197234094078"
"211","Arthrobacter sp. 77_30_TGE agar","-11.8153015359658","-10.6049611639896","-25.7892104526682","-24.2762849876979","-19.3710124671097","-17.8580870021394","NA","NA"
"212","Arthrobacter sp. 77_37_TGE agar","-153.370812781152","-150.037959404927","-161.567934639541","-157.40186791926","NA","NA","NA","NA"
"213","Arthrobacter sp. 88_0_TGE agar","-36.8725607060557","-34.6127632762095","-53.2290161230522","-50.4042693357445","-44.5755860459356","-41.7508392586279","NA","NA"
"214","Arthrobacter sp. 88_7_TGE agar","-30.6496912080037","-29.8607928986588","-5.13785415220996","-4.15173126552886","-39.4618342683508","-38.4757113816698","-7.72351522994177","-6.73739234326067"
"215","Arthrobacter sp. 88_20_TGE agar","-20.5669962304611","-18.0107669120001","-20.7768595611984","-17.5815729131222","-23.0956954352272","-19.9004087871509","NA","NA"
"216","Arthrobacter sp. 88_30_TGE agar","-9.83557392435981","-8.24399283316633","-17.0460956900985","-15.0566193261067","-14.3906337876246","-12.4011574236327","-10.9246332665064","-8.93515690251459"
"217","Arthrobacter sp. 88_37_TGE agar","-144.140552298166","-141.050197409207","-144.894359783058","-141.031416171859","-141.874360009931","-138.011416398732","NA","NA"
"218","Arthrobacter sp. 62_0_TGE agar","-20.5668565702497","-17.2340031940248","-29.5735273801189","-25.4074606598378","-20.4066560505837","-16.2405893303027","-16.194998728596","-12.028932008315"
"219","Arthrobacter sp. 62_7_TGE agar","-5.06473004103732","-3.12510344188532","-6.26212041505095","-3.83758716611095","-1.0204708548939","1.4040623940461","2.11585469582186","4.54038794476187"
"220","Arthrobacter sp. 62_20_TGE agar","-15.3900052562589","-14.601106946914","-19.3480039999689","-18.3618811132878","-31.6544721535877","-30.6683492669066","-38.7021723431718","-37.7160494564908"
"221","Arthrobacter sp. 62_30_TGE agar","-84.2604832260254","-83.0501428540493","NA","NA","NA","NA","NA","NA"
"222","Arthrobacter sp. 62_37_TGE agar","-144.036331197828","-140.945976308869","NA","NA","-147.512174425357","-143.649230814158","NA","NA"
"223","Arthrobacter aurescens_0_TGE agar","-9.05357248902282","-5.72071911279796","NA","NA","NA","NA","NA","NA"
"224","Arthrobacter aurescens_7_TGE agar","-23.1588769143628","-21.5672958231693","NA","NA","-19.1239885992449","-17.134512235253","-11.3635594404882","-9.37408307649637"
"225","Arthrobacter aurescens_20_TGE agar","-12.5981901648101","-12.2804239980908","-23.0696354802478","-22.6724277718486","-18.8192874913431","-18.4220797829439","-12.1225088047987","-11.7253010963995"
"226","Arthrobacter aurescens_30_TGE agar","-8.83605257378209","-10.3983009240457","NA","NA","-15.919543016797","-17.8723534546265","NA","NA"
"227","Arthrobacter aurescens_37_TGE agar","-9.27424415895063","-8.95647799223129","-55.5572019734824","-55.1599942650832","-39.7570858251578","-39.3598781167586","-21.8548663483206","-21.4576586399214"
"228","Arthrobacter citreus_0_TGE agar","3.04603798626874","5.60226730472977","-55.4022746660845","-52.2069880180082","-46.4109528302132","-43.2156661821369","-27.1823132774158","-23.9870266293396"
"229","Arthrobacter citreus_7_TGE agar","-3.27731224449423","-2.06697187251805","-32.0211400831266","-30.5082146181564","-19.1573843711883","-17.644458906218","-12.6834088512498","-11.1704833862795"
"230","Arthrobacter citreus_20_TGE agar","-15.9362436027177","-15.6184774359984","-16.5440392981901","-16.1468315897909","-13.9828386847492","-13.58563097635","4.24526551510293","4.64247322350211"
"231","Arthrobacter citreus_30_TGE agar","-4.60585368264208","-3.8169553732972","-12.3355541137862","-11.3494312271051","-7.25280474863578","-6.26668186195468","NA","NA"
"232","Arthrobacter citreus_37_TGE agar","14.1457890746024","14.9346873839473","14.2995585690432","15.2856814557243","14.0697119803566","15.0558348670377","14.001292446846","14.9874153335271"
"233","Arthrobacter globiformis_0_TGE agar","-187.01201524701","-183.234259330345","-186.884331168453","-182.16213627262","NA","NA","NA","NA"
"234","Arthrobacter globiformis_7_TGE agar","-44.7443734045153","-41.4115200282904","-46.1916446590806","-42.0255779387995","-39.4934983116089","-35.3274315913279","NA","NA"
"235","Arthrobacter globiformis_20_TGE agar","-17.4364628891735","-17.1186967224541","-16.4368842215265","-16.0396765131274","-14.0969970435471","-13.699789335148","NA","NA"
"236","Arthrobacter globiformis_30_TGE agar","0.611972344834767","0.92973851155411","-4.82585618051142","-4.42864847211224","NA","NA","NA","NA"
"237","Arthrobacter globiformis_37_TGE agar","-9.52507815440478","-9.74143755818353","18.649160451438","18.3787111967145","NA","NA","NA","NA"
"238","Arthrobacter simplex_0_TGE agar","-170.253975230377","-166.692488198792","-171.436145300408","-166.984286510927","NA","NA","-171.565948770932","-167.114089981451"
"239","Arthrobacter simplex_7_TGE agar","-7.44868412942309","-4.89245481096206","-27.4210175916392","-24.2257309435629","-33.4706831993783","-30.275396551302","NA","NA"
"240","Arthrobacter simplex_20_TGE agar","-8.33331247661146","-8.54967188039021","-15.369135785777","-15.6395850405005","-9.02225249611992","-9.29270175084335","-5.3454245207296","-5.61587377545303"
"241","Arthrobacter simplex_30_TGE agar","-11.6171836361974","-11.2994174694781","NA","NA","NA","NA","NA","NA"
"242","Arthrobacter simplex_37_TGE agar","-20.3627360491489","-20.0449698824295","NA","NA","NA","NA","NA","NA"
"243","Lactobacillus plantarum_8_MRS broth","-8.5151814275341","-7.30484105555791","-13.1620700538234","-11.6491445888532","-15.6328624384593","-14.119936973489","-17.2069005663173","-15.6939751013471"
"244","Lactobacillus plantarum_12_MRS broth","8.68426785426117","11.7746227432203","12.224206511011","16.0871501222099","NA","NA","3.49618999733952","7.35913360853842"
"245","Lactobacillus plantarum_16_MRS broth","4.80959891429803","8.37108594588268","8.89057107502644","13.3424298645073","-13.0345643183814","-8.58270552890061","-7.69675320105936","-3.24489441157854"
"246","Lactobacillus plantarum_20_MRS broth","2.35546505947327","5.4458199484324","6.16439590107737","10.0273395122763","2.83764467157364","6.70058828277254","7.75586675027564","11.6188103614745"
"247","Lactobacillus plantarum_30_MRS broth","-1.39468839529015","0.865109034555994","2.87859181352022","5.7033386008279","-2.56169806742635","0.263048719881334","NA","NA"
"248","Weissella viridescens_4_MRS broth","-19.0139685091248","-18.2250701997799","-18.9487325022845","-17.9626096156034","-16.9863221765683","-16.0001992898872","-16.660079719095","-15.6739568324139"
"249","Weissella viridescens_8_MRS broth","-24.2343559854245","-20.2514268912086","-36.7941090461373","-31.8154476783673","-4.97710771546106","0.00155365230888904","NA","NA"
"250","Weissella viridescens_12_MRS broth","7.17382714443174","9.73005646289278","8.22863623898889","11.4239228870652","8.25077372340638","11.4460603714827","NA","NA"
"251","Weissella viridescens_16_MRS broth","-9.15480806630096","-5.82195469007609","-5.92716432602347","-1.76109760574239","NA","NA","14.4428939515529","18.608960671834"
"252","Weissella viridescens_20_MRS broth","-8.38108382205382","-5.54888301764498","-1.31374739042587","2.22650361508518","NA","NA","-9.26268912898444","-5.72243812347339"
"253","Weissella viridescens_30_MRS broth","-8.80930196090234","-6.54950453105619","-4.36210036646359","-1.53735357915591","-6.28653075482582","-3.46178396751814","-1.45495846056205","1.36978832674563"
"254","Lactobacillus sakei_4_MRS broth","5.47435045719986","6.26324876654474","-3.09205315838653","-2.10593027170543","-1.03152650879507","-0.0454036221139678","7.21916016652195","8.20528305320305"
"255","Lactobacillus sakei_8_MRS broth","-22.8756898977918","-19.097933981126","-14.6087058692534","-9.88651097342117","-26.4026016620062","-21.680406766174","NA","NA"
"256","Lactobacillus sakei_12_MRS broth","4.77756367269144","6.71719027184344","7.94012541211871","10.3646586610587","4.86925960429522","7.29379285323523","NA","NA"
"257","Lactobacillus sakei_16_MRS broth","-23.3231508079032","-21.0633533780571","-17.8652723843309","-15.0405255970232","NA","NA","11.9413765236183","14.766123310926"
"258","Lactobacillus sakei_20_MRS broth","4.70390543825609","6.64353203740809","36.8662940781102","39.2908273270502","NA","NA","NA","NA"
"259","Lactobacillus sakei_30_MRS broth","-11.7031525501438","-10.4928121781676","-7.63082183708169","-6.11789637211146","NA","NA","NA","NA"
"260","Oscillatoria agardhii Strain 97_15_Z8","-13.4383657961899","-13.6547251999686","-7.51870302001971","-7.78915227474315","-11.5195410693313","-11.7899903240548","-14.659370097187","-14.9298193519104"
"261","Oscillatoria agardhii Strain 97_20_Z8","-20.7001670814575","-20.9165264852362","-13.1734585071042","-13.4439077618276","-18.7446886225355","-19.0151378772589","NA","NA"
"262","Oscillatoria agardhii Strain 97_25_Z8","-19.4483426017997","-20.2813047248875","-16.3214965362917","-17.3626991901514","-18.0208689880168","-19.0620716418765","NA","NA"
"263","Oscillatoria agardhii Strain 97_30_Z8","-10.3558978775701","-11.1888600006579","-8.35098170646614","-9.39218436032587","-8.3565661821179","-9.39776883597762","-7.57835131394954","-8.61955396780926"
"264","Oscillatoria agardhii StrainCYA 128_15_Z8","-16.2039603953027","-16.4203197990814","-19.3932836325933","-19.6637328873167","-19.1666838848929","-19.4371331396163","-15.4598320569293","-15.7302813116528"
"265","Oscillatoria agardhii StrainCYA 128_20_Z8","-11.0764007385897","-11.2927601423685","-10.2087720329182","-10.4792212876416","-9.82140670209926","-10.0918559568227","-11.5521137790275","-11.8225630337509"
"266","Oscillatoria agardhii StrainCYA 128_25_Z8","-24.3210687611498","-24.5374281649285","-23.3483802517525","-23.618829506476","-22.530737961651","-22.8011872163744","-20.5775554346468","-20.8480046893703"
"267","Oscillatoria agardhii StrainCYA 128_30_Z8","-21.4098884387418","-21.6262478425205","-20.7438251504947","-21.0142744052181","-20.1463022375116","-20.416751492235","NA","NA"
"268","Pseudomonas sp._15_APT Broth","6.25894558062968","6.04258617685093","5.4680707966462","5.19762154192276","NA","NA","NA","NA"
"269","Pseudomonas sp._12_APT Broth","12.8145471662841","12.5981877625053","12.1450583449408","11.8746090902174","NA","NA","NA","NA"
"270","Pseudomonas sp._6_APT Broth","5.04064257681878","3.47839422655518","6.54458684665883","4.59177640882933","-3.0268333968715","-4.979643834701","NA","NA"
"271","Pseudomonas sp._2_APT Broth","-3.30637772048822","-4.13933984357601","-2.68943522367915","-3.73063787753888","NA","NA","2.49206647812672","1.450863824267"
"272","Lactobaciulus plantarum_10_MRS","-0.23547142190511","11.8336479253546","-7.79357615271346","7.29282303136116","-3.76808354483962","11.318315639235","9.50836337399177","24.5947625580664"
"273","Lactobaciulus plantarum_15_MRS","-59.0957235059448","-49.2320910313265","-55.6452556981944","-43.3157151049215","-58.2460812475259","-45.916540654253","-48.9423733778795","-36.6128327846065"
"274","Lactobaciulus plantarum_20_MRS","-125.199285440504","-114.470760532007","-140.391997759303","-126.981341623682","-113.884991870988","-100.474335735367","NA","NA"
"275","Lactobaciulus plantarum_25_MRS","-94.9530329709501","-85.0894004963318","-85.2009574804156","-72.8714168871427","-96.4885941422137","-84.1590535489407","-80.5614502498739","-68.231909656601"
